stereotipi,occorrenze,cluster N=10,cluster N=5,"COPPIE DI CLUSTER ALE:
---
2 FannoQuelloCheVogliono/PretendonoCose
2 SonoFannulloni
---
SonoPericolosi
SonoCriminali
---
HannoScarsaIgiene
PortanoDegrado
---
PesanoSulleNostreSpalle
Ci_Invadono
----
5 SonoDiversiDaNoi
5 HannoCulturaDiversa/SonoAnimali"
sono trattati,55,FannoQuelloCheVogliono/PretendonoCose,FannoQuelloCheVoglionoSenzaContribuire,
non profughi,47,FannoQuelloCheVogliono/PretendonoCose,FannoQuelloCheVoglionoSenzaContribuire,
è business,34,FannoQuelloCheVogliono/PretendonoCose,FannoQuelloCheVoglionoSenzaContribuire,
sono tutelati,33,FannoQuelloCheVogliono/PretendonoCose,FannoQuelloCheVoglionoSenzaContribuire,
sono approfittatori,31,FannoQuelloCheVogliono/PretendonoCose,FannoQuelloCheVoglionoSenzaContribuire,
sono impuniti,29,FannoQuelloCheVogliono/PretendonoCose,FannoQuelloCheVoglionoSenzaContribuire,
hanno diritti,27,FannoQuelloCheVogliono/PretendonoCose,FannoQuelloCheVoglionoSenzaContribuire,
tolgono soldi,25,FannoQuelloCheVogliono/PretendonoCose,FannoQuelloCheVoglionoSenzaContribuire,
sono privilegiati,18,FannoQuelloCheVogliono/PretendonoCose,FannoQuelloCheVoglionoSenzaContribuire,
sono finti,13,FannoQuelloCheVogliono/PretendonoCose,FannoQuelloCheVoglionoSenzaContribuire,
sono ingrati,11,FannoQuelloCheVogliono/PretendonoCose,FannoQuelloCheVoglionoSenzaContribuire,
sono benestanti,9,FannoQuelloCheVogliono/PretendonoCose,FannoQuelloCheVoglionoSenzaContribuire,
non rispettano autorità,8,FannoQuelloCheVogliono/PretendonoCose,FannoQuelloCheVoglionoSenzaContribuire,
non rispettano leggi,6,FannoQuelloCheVogliono/PretendonoCose,FannoQuelloCheVoglionoSenzaContribuire,
non rispettano regole,5,FannoQuelloCheVogliono/PretendonoCose,FannoQuelloCheVoglionoSenzaContribuire,
sono padroni,5,FannoQuelloCheVogliono/PretendonoCose,FannoQuelloCheVoglionoSenzaContribuire,
sono prepotenti,5,FannoQuelloCheVogliono/PretendonoCose,FannoQuelloCheVoglionoSenzaContribuire,
proteggono migranti,3,FannoQuelloCheVogliono/PretendonoCose,FannoQuelloCheVoglionoSenzaContribuire,
sono bugiardi,3,FannoQuelloCheVogliono/PretendonoCose,FannoQuelloCheVoglionoSenzaContribuire,
sono furbi,3,FannoQuelloCheVogliono/PretendonoCose,FannoQuelloCheVoglionoSenzaContribuire,
sono incivili sono,3,FannoQuelloCheVogliono/PretendonoCose,FannoQuelloCheVoglionoSenzaContribuire,
sono viziati,3,FannoQuelloCheVogliono/PretendonoCose,FannoQuelloCheVoglionoSenzaContribuire,
sono viziosi,3,FannoQuelloCheVogliono/PretendonoCose,FannoQuelloCheVoglionoSenzaContribuire,
sfruttano deboli,2,FannoQuelloCheVogliono/PretendonoCose,FannoQuelloCheVoglionoSenzaContribuire,
pretendono aiuto,2,FannoQuelloCheVogliono/PretendonoCose,FannoQuelloCheVoglionoSenzaContribuire,
non rispettano legge,2,FannoQuelloCheVogliono/PretendonoCose,FannoQuelloCheVoglionoSenzaContribuire,
disturbano,2,FannoQuelloCheVogliono/PretendonoCose,FannoQuelloCheVoglionoSenzaContribuire,
non lavorare,24,SonoFannulloni,FannoQuelloCheVoglionoSenzaContribuire,
sono pigri,14,SonoFannulloni,FannoQuelloCheVoglionoSenzaContribuire,
sono fannulloni,10,SonoFannulloni,FannoQuelloCheVoglionoSenzaContribuire,
non lavorano,8,SonoFannulloni,FannoQuelloCheVoglionoSenzaContribuire,
sono nullafacenti,3,SonoFannulloni,FannoQuelloCheVoglionoSenzaContribuire,
non utili,3,SonoFannulloni,FannoQuelloCheVoglionoSenzaContribuire,
sono ladri,202,SonoCriminali,SonoPericolosi,
sono criminali,168,SonoCriminali,SonoPericolosi,
sono delinquenti,91,SonoCriminali,SonoPericolosi,
sono terroristi,85,SonoCriminali,SonoPericolosi,
sono truffatori,68,SonoCriminali,SonoPericolosi,
sono irregolari,53,SonoCriminali,SonoPericolosi,
ingannano italiani,43,SonoCriminali,SonoPericolosi,
spacciano,29,SonoCriminali,SonoPericolosi,
sono clandestini,20,SonoCriminali,SonoPericolosi,
sono pedofili,10,SonoCriminali,SonoPericolosi,
tutela crimini,6,SonoCriminali,SonoPericolosi,
sono mafiosi,4,SonoCriminali,SonoPericolosi,
drogano,3,SonoCriminali,SonoPericolosi,
è illegale,3,SonoCriminali,SonoPericolosi,
eludono fisco,3,SonoCriminali,SonoPericolosi,
sono problema,2,SonoCriminali,SonoPericolosi,
sono illegali,2,SonoCriminali,SonoPericolosi,
sono dissoluti,2,SonoCriminali,SonoPericolosi,
prostituiscono,2,SonoCriminali,SonoPericolosi,
meritano pene,2,SonoCriminali,SonoPericolosi,
coprono crimini,2,SonoCriminali,SonoPericolosi,
sono violenti,111,SonoPericolosi,SonoPericolosi,
sono pericolosi,52,SonoPericolosi,SonoPericolosi,
sono animali,48,SonoPericolosi,SonoPericolosi,
portano malattie,39,SonoPericolosi,SonoPericolosi,
sono minaccia,39,SonoPericolosi,SonoPericolosi,
religione a violenza,35,SonoPericolosi,SonoPericolosi,
stuprano,33,SonoPericolosi,SonoPericolosi,
sono stupratori,33,SonoPericolosi,SonoPericolosi,
maltrattano deboli,32,SonoPericolosi,SonoPericolosi,
è minaccia,25,SonoPericolosi,SonoPericolosi,
sono pericolo,21,SonoPericolosi,SonoPericolosi,
sono assassini,15,SonoPericolosi,SonoPericolosi,
maltrattano bambini,10,SonoPericolosi,SonoPericolosi,
è pericolo,6,SonoPericolosi,SonoPericolosi,
sono violente,4,SonoPericolosi,SonoPericolosi,
odiano italiani,4,SonoPericolosi,SonoPericolosi,
religione a pedofilia,4,SonoPericolosi,SonoPericolosi,
religione a violenza contro,4,SonoPericolosi,SonoPericolosi,
sono abusivi,4,SonoPericolosi,SonoPericolosi,
vanno puniti,4,SonoPericolosi,SonoPericolosi,
sono aggressivi,3,SonoPericolosi,SonoPericolosi,
sono fanatici,3,SonoPericolosi,SonoPericolosi,
stuprano donne,2,SonoPericolosi,SonoPericolosi,
religione a misoginia,2,SonoPericolosi,SonoPericolosi,
maltrattano minori,2,SonoPericolosi,SonoPericolosi,
maltrattano italiani,2,SonoPericolosi,SonoPericolosi,
sono sporchi,31,HannoScarsaIgiene,PortanoDegrado,
sono feccia,27,HannoScarsaIgiene,PortanoDegrado,
non hanno cura,5,HannoScarsaIgiene,PortanoDegrado,
non prendono cura,2,HannoScarsaIgiene,PortanoDegrado,
rovinano italia,19,PortanoDegrado,PortanoDegrado,
portano degrado,13,PortanoDegrado,PortanoDegrado,
inquinano,12,PortanoDegrado,PortanoDegrado,
sono spacciatori,9,PortanoDegrado,PortanoDegrado,
sono mendicanti,9,PortanoDegrado,PortanoDegrado,
rovinano ambiente,5,PortanoDegrado,PortanoDegrado,
deturpano città,4,PortanoDegrado,PortanoDegrado,
sono vandali,4,PortanoDegrado,PortanoDegrado,
danneggiano ambiente,3,PortanoDegrado,PortanoDegrado,
vivono in degrado,2,PortanoDegrado,PortanoDegrado,
sono stupidi,2,PortanoDegrado,PortanoDegrado,
sono portatori,2,PortanoDegrado,PortanoDegrado,
rovinato economia,2,PortanoDegrado,PortanoDegrado,
rovinando italia,2,PortanoDegrado,PortanoDegrado,
portano insicurezza,2,PortanoDegrado,PortanoDegrado,
fanno figli,2,PortanoDegrado,PortanoDegrado,
sono selvaggi,31,HannoCulturaDiversa/SonoAnimali,HannoCulturaDiversaDallaNostra,
va contro valori di,17,HannoCulturaDiversa/SonoAnimali,HannoCulturaDiversaDallaNostra,
sono ignoranti,13,HannoCulturaDiversa/SonoAnimali,HannoCulturaDiversaDallaNostra,
sono misogini,7,HannoCulturaDiversa/SonoAnimali,HannoCulturaDiversaDallaNostra,
sono arretrati,6,HannoCulturaDiversa/SonoAnimali,HannoCulturaDiversaDallaNostra,
sono primitivi,5,HannoCulturaDiversa/SonoAnimali,HannoCulturaDiversaDallaNostra,
maltrattano donne,4,HannoCulturaDiversa/SonoAnimali,HannoCulturaDiversaDallaNostra,
non hanno cultura,4,HannoCulturaDiversa/SonoAnimali,HannoCulturaDiversaDallaNostra,
è inferiore,3,HannoCulturaDiversa/SonoAnimali,HannoCulturaDiversaDallaNostra,
trattano donne,3,HannoCulturaDiversa/SonoAnimali,HannoCulturaDiversaDallaNostra,
rovistano in spazzatura,3,HannoCulturaDiversa/SonoAnimali,HannoCulturaDiversaDallaNostra,
frugano in cassonetti,3,HannoCulturaDiversa/SonoAnimali,HannoCulturaDiversaDallaNostra,
disprezzano donne,3,HannoCulturaDiversa/SonoAnimali,HannoCulturaDiversaDallaNostra,
vanno contro valori di,3,HannoCulturaDiversa/SonoAnimali,HannoCulturaDiversaDallaNostra,
sottomette donna,2,HannoCulturaDiversa/SonoAnimali,HannoCulturaDiversaDallaNostra,
sono tribali,2,HannoCulturaDiversa/SonoAnimali,HannoCulturaDiversaDallaNostra,
sono succubi,2,HannoCulturaDiversa/SonoAnimali,HannoCulturaDiversaDallaNostra,
sono sottomesse,2,HannoCulturaDiversa/SonoAnimali,HannoCulturaDiversaDallaNostra,
sono retrogradi,2,HannoCulturaDiversa/SonoAnimali,HannoCulturaDiversaDallaNostra,
sono indegni,2,HannoCulturaDiversa/SonoAnimali,HannoCulturaDiversaDallaNostra,
sono immorali,2,HannoCulturaDiversa/SonoAnimali,HannoCulturaDiversaDallaNostra,
sfruttano donne,2,HannoCulturaDiversa/SonoAnimali,HannoCulturaDiversaDallaNostra,
non vogliono democrazia,2,HannoCulturaDiversa/SonoAnimali,HannoCulturaDiversaDallaNostra,
non rispettano famiglia,2,HannoCulturaDiversa/SonoAnimali,HannoCulturaDiversaDallaNostra,
non rispettano donne,2,HannoCulturaDiversa/SonoAnimali,HannoCulturaDiversaDallaNostra,
considerano donne,2,HannoCulturaDiversa/SonoAnimali,HannoCulturaDiversaDallaNostra,
sono nomadi,52,SonoDiversiDaNoi,HannoCulturaDiversaDallaNostra,
non sanno figli,25,SonoDiversiDaNoi,HannoCulturaDiversaDallaNostra,
sono incompatibili,23,SonoDiversiDaNoi,HannoCulturaDiversaDallaNostra,
sono mussulmani,22,SonoDiversiDaNoi,HannoCulturaDiversaDallaNostra,
sono inferiori,21,SonoDiversiDaNoi,HannoCulturaDiversaDallaNostra,
è religione,19,SonoDiversiDaNoi,HannoCulturaDiversaDallaNostra,
sono intolleranti,17,SonoDiversiDaNoi,HannoCulturaDiversaDallaNostra,
sono incivili,16,SonoDiversiDaNoi,HannoCulturaDiversaDallaNostra,
sono musulmani,14,SonoDiversiDaNoi,HannoCulturaDiversaDallaNostra,
sono integralisti,14,SonoDiversiDaNoi,HannoCulturaDiversaDallaNostra,
sono estremisti,10,SonoDiversiDaNoi,HannoCulturaDiversaDallaNostra,
sono autoritari,10,SonoDiversiDaNoi,HannoCulturaDiversaDallaNostra,
non integrar,9,SonoDiversiDaNoi,HannoCulturaDiversaDallaNostra,
non hanno diritti,6,SonoDiversiDaNoi,HannoCulturaDiversaDallaNostra,
non italiani,6,SonoDiversiDaNoi,HannoCulturaDiversaDallaNostra,
non integrare,5,SonoDiversiDaNoi,HannoCulturaDiversaDallaNostra,
sono africani,5,SonoDiversiDaNoi,HannoCulturaDiversaDallaNostra,
tutela musulmani,4,SonoDiversiDaNoi,HannoCulturaDiversaDallaNostra,
sono falsi,4,SonoDiversiDaNoi,HannoCulturaDiversaDallaNostra,
sono zingari,4,SonoDiversiDaNoi,HannoCulturaDiversaDallaNostra,
non hanno diritto,3,SonoDiversiDaNoi,HannoCulturaDiversaDallaNostra,
sono codardi,3,SonoDiversiDaNoi,HannoCulturaDiversaDallaNostra,
costrette velo,3,SonoDiversiDaNoi,HannoCulturaDiversaDallaNostra,
musulmani sono,2,SonoDiversiDaNoi,HannoCulturaDiversaDallaNostra,
sono migranti,2,SonoDiversiDaNoi,HannoCulturaDiversaDallaNostra,
sono islamici,2,SonoDiversiDaNoi,HannoCulturaDiversaDallaNostra,
sono fondamentalisti,2,SonoDiversiDaNoi,HannoCulturaDiversaDallaNostra,
sono coperti,2,SonoDiversiDaNoi,HannoCulturaDiversaDallaNostra,
non parlano italiano,2,SonoDiversiDaNoi,HannoCulturaDiversaDallaNostra,
non democratici,2,SonoDiversiDaNoi,HannoCulturaDiversaDallaNostra,
sono categoria,66,None/Doubt,None/Doubt,
lucrano su migranti,12,None/Doubt,None/Doubt,
sono controllo,11,None/Doubt,None/Doubt,
è valori,8,None/Doubt,None/Doubt,
migranti sono,7,None/Doubt,None/Doubt,
sono sinistra,6,None/Doubt,None/Doubt,
aiuta immigrati,5,None/Doubt,None/Doubt,
migranti,4,None/Doubt,None/Doubt,
sono maschi,4,None/Doubt,None/Doubt,
aiutano rom,3,None/Doubt,None/Doubt,
è controllo,3,None/Doubt,None/Doubt,
lucra su migranti,3,None/Doubt,None/Doubt,
lucrano su immigrati,3,None/Doubt,None/Doubt,
sono persone,2,None/Doubt,None/Doubt,
sfrutta immigrati,2,None/Doubt,None/Doubt,
non ricchezza,2,None/Doubt,None/Doubt,
non necessaria,2,None/Doubt,None/Doubt,
migranti senza,2,None/Doubt,None/Doubt,
incita,2,None/Doubt,None/Doubt,
immigrati,2,None/Doubt,None/Doubt,
guadagna da business di,2,None/Doubt,None/Doubt,
è sicura,2,None/Doubt,None/Doubt,
è colpa,2,None/Doubt,None/Doubt,
aiuta rom,2,None/Doubt,None/Doubt,
*,2,None/Doubt,None/Doubt,
sono parassiti,153,Ci_Invadono,PeggioranoLeNostreCondizioniDiVita,
sono invasori,72,Ci_Invadono,PeggioranoLeNostreCondizioniDiVita,
invadendo italia,50,Ci_Invadono,PeggioranoLeNostreCondizioniDiVita,
invadere italia,32,Ci_Invadono,PeggioranoLeNostreCondizioniDiVita,
favorisce immigrazione,21,Ci_Invadono,PeggioranoLeNostreCondizioniDiVita,
vanno cacciati,20,Ci_Invadono,PeggioranoLeNostreCondizioniDiVita,
vanno contrastati,13,Ci_Invadono,PeggioranoLeNostreCondizioniDiVita,
sono troppi,12,Ci_Invadono,PeggioranoLeNostreCondizioniDiVita,
invaso italia,10,Ci_Invadono,PeggioranoLeNostreCondizioniDiVita,
vanno affrontati,9,Ci_Invadono,PeggioranoLeNostreCondizioniDiVita,
favoriscono immigrazione,9,Ci_Invadono,PeggioranoLeNostreCondizioniDiVita,
conquistare italia,6,Ci_Invadono,PeggioranoLeNostreCondizioniDiVita,
è incontrollata,6,Ci_Invadono,PeggioranoLeNostreCondizioniDiVita,
convertire stati,5,Ci_Invadono,PeggioranoLeNostreCondizioniDiVita,
invadono italia,5,Ci_Invadono,PeggioranoLeNostreCondizioniDiVita,
invadere europa,5,Ci_Invadono,PeggioranoLeNostreCondizioniDiVita,
minacciano cultura,5,Ci_Invadono,PeggioranoLeNostreCondizioniDiVita,
invadendo europa,4,Ci_Invadono,PeggioranoLeNostreCondizioniDiVita,
vogliono convertire,4,Ci_Invadono,PeggioranoLeNostreCondizioniDiVita,
non benvoluti,3,Ci_Invadono,PeggioranoLeNostreCondizioniDiVita,
sono invasori sono,2,Ci_Invadono,PeggioranoLeNostreCondizioniDiVita,
sostituiscono italiani,2,Ci_Invadono,PeggioranoLeNostreCondizioniDiVita,
non cittadini,2,Ci_Invadono,PeggioranoLeNostreCondizioniDiVita,
imporre dittatura,2,Ci_Invadono,PeggioranoLeNostreCondizioniDiVita,
convertire italia,2,Ci_Invadono,PeggioranoLeNostreCondizioniDiVita,
conquistare occidente,2,Ci_Invadono,PeggioranoLeNostreCondizioniDiVita,
conquistare europa,2,Ci_Invadono,PeggioranoLeNostreCondizioniDiVita,
sono fardello,53,PesanoSulleNostreSpalle,PeggioranoLeNostreCondizioniDiVita,
sono peso,22,PesanoSulleNostreSpalle,PeggioranoLeNostreCondizioniDiVita,
tolgono case,15,PesanoSulleNostreSpalle,PeggioranoLeNostreCondizioniDiVita,
avvantaggia migranti,9,PesanoSulleNostreSpalle,PeggioranoLeNostreCondizioniDiVita,
avvantaggia rom,9,PesanoSulleNostreSpalle,PeggioranoLeNostreCondizioniDiVita,
sono mantenuti,9,PesanoSulleNostreSpalle,PeggioranoLeNostreCondizioniDiVita,
sono avvantaggiati,9,PesanoSulleNostreSpalle,PeggioranoLeNostreCondizioniDiVita,
limita libertà,8,PesanoSulleNostreSpalle,PeggioranoLeNostreCondizioniDiVita,
sono vittime,8,PesanoSulleNostreSpalle,PeggioranoLeNostreCondizioniDiVita,
tutela migranti,7,PesanoSulleNostreSpalle,PeggioranoLeNostreCondizioniDiVita,
difende rom,6,PesanoSulleNostreSpalle,PeggioranoLeNostreCondizioniDiVita,
tutela rom,6,PesanoSulleNostreSpalle,PeggioranoLeNostreCondizioniDiVita,
tutela stranieri,6,PesanoSulleNostreSpalle,PeggioranoLeNostreCondizioniDiVita,
rubano lavoro,6,PesanoSulleNostreSpalle,PeggioranoLeNostreCondizioniDiVita,
difendono migranti,5,PesanoSulleNostreSpalle,PeggioranoLeNostreCondizioniDiVita,
mantengono immigrati,5,PesanoSulleNostreSpalle,PeggioranoLeNostreCondizioniDiVita,
non beneficio,5,PesanoSulleNostreSpalle,PeggioranoLeNostreCondizioniDiVita,
non hanno casa,5,PesanoSulleNostreSpalle,PeggioranoLeNostreCondizioniDiVita,
non meritano aiuto,5,PesanoSulleNostreSpalle,PeggioranoLeNostreCondizioniDiVita,
sono protetti,5,PesanoSulleNostreSpalle,PeggioranoLeNostreCondizioniDiVita,
difende migranti,3,PesanoSulleNostreSpalle,PeggioranoLeNostreCondizioniDiVita,
difende mussulmani,3,PesanoSulleNostreSpalle,PeggioranoLeNostreCondizioniDiVita,
mantengono migranti,3,PesanoSulleNostreSpalle,PeggioranoLeNostreCondizioniDiVita,
mantengono rom,3,PesanoSulleNostreSpalle,PeggioranoLeNostreCondizioniDiVita,
favorisce mussulmani,3,PesanoSulleNostreSpalle,PeggioranoLeNostreCondizioniDiVita,
hanno problemi,3,PesanoSulleNostreSpalle,PeggioranoLeNostreCondizioniDiVita,
non meritano,3,PesanoSulleNostreSpalle,PeggioranoLeNostreCondizioniDiVita,
ricevono trattamento,3,PesanoSulleNostreSpalle,PeggioranoLeNostreCondizioniDiVita,
vivono a spalle di,3,PesanoSulleNostreSpalle,PeggioranoLeNostreCondizioniDiVita,
tutelano stranieri,2,PesanoSulleNostreSpalle,PeggioranoLeNostreCondizioniDiVita,
stanno da parte di,2,PesanoSulleNostreSpalle,PeggioranoLeNostreCondizioniDiVita,
avvantaggia stranieri,2,PesanoSulleNostreSpalle,PeggioranoLeNostreCondizioniDiVita,
proteggono stranieri,2,PesanoSulleNostreSpalle,PeggioranoLeNostreCondizioniDiVita,
preferiscono immigrati,2,PesanoSulleNostreSpalle,PeggioranoLeNostreCondizioniDiVita,
preferisce migranti,2,PesanoSulleNostreSpalle,PeggioranoLeNostreCondizioniDiVita,
preferisce immigrati,2,PesanoSulleNostreSpalle,PeggioranoLeNostreCondizioniDiVita,
non hanno competenze,2,PesanoSulleNostreSpalle,PeggioranoLeNostreCondizioniDiVita,
mantengono stranieri,2,PesanoSulleNostreSpalle,PeggioranoLeNostreCondizioniDiVita,
mantengono nomadi,2,PesanoSulleNostreSpalle,PeggioranoLeNostreCondizioniDiVita,
incentivano migranti,2,PesanoSulleNostreSpalle,PeggioranoLeNostreCondizioniDiVita,
vogliono matenuti,1,X,X,
vogliono lavorare,1,X,X,
vogliono ius,1,X,X,
vogliono far,1,X,X,
vivono tutti,1,X,X,
vivono in degrato,1,X,X,
vivono in campi,1,X,X,
violentano donne,1,X,X,
viola libertà,1,X,X,
viaggiano biglietto,1,X,X,
vengono rispettati,1,X,X,
vengono in italia,1,X,X,
vengono graziati,1,X,X,
vengono colpevolizzate,1,X,X,
vanno punite,1,X,X,
vanno educati,1,X,X,
vanno combattuti,1,X,X,
vanno cacciati vanno,1,X,X,
va bandito,1,X,X,
usano rom,1,X,X,
uccidono mercato,1,X,X,
tutelano rom,1,X,X,
tutelano migranti,1,X,X,
tutela per,1,X,X,
tutela afrodiscententi,1,X,X,
tutela a di,1,X,X,
treno non sicuro,1,X,X,
trattano migranti,1,X,X,
tratta migranti,1,X,X,
tolto soldi,1,X,X,
tolgono lavoro,1,X,X,
subisce sostituzione,1,X,X,
stranieri in,1,X,X,
stermina civiltà,1,X,X,
sprecano soldi,1,X,X,
sprecano cibo,1,X,X,
sporcano,1,X,X,
speculano su immigrati,1,X,X,
sottomettere europa,1,X,X,
sottomettere culture,1,X,X,
sono violenti sono,1,X,X,
sono violentatori,1,X,X,
sono valori,1,X,X,
sono vacanzieri,1,X,X,
sono uguali,1,X,X,
sono trafficanti,1,X,X,
sono traditori,1,X,X,
sono terrroristi,1,X,X,
sono terroristi sono,1,X,X,
sono terroriste,1,X,X,
sono superdotati,1,X,X,
sono squilibrati,1,X,X,
sono sporchi sono,1,X,X,
sono spazzatura,1,X,X,
sono società,1,X,X,
sono sfruttati,1,X,X,
sono scansafatiche,1,X,X,
sono sanguinari,1,X,X,
sono romeni,1,X,X,
sono rifiuti,1,X,X,
sono ricchi,1,X,X,
sono razzisti,1,X,X,
sono radicali,1,X,X,
sono quelli,1,X,X,
sono punizione,1,X,X,
sono prostitute,1,X,X,
sono profani,1,X,X,
sono poveri,1,X,X,
sono povere,1,X,X,
sono piaga,1,X,X,
sono permalosi,1,X,X,
sono peggio,1,X,X,
sono pacchi,1,X,X,
sono ottusi,1,X,X,
sono ostili,1,X,X,
sono oggetti,1,X,X,
sono nemici,1,X,X,
sono nazisti,1,X,X,
sono muscolosi,1,X,X,
sono mostri,1,X,X,
sono molestatori,1,X,X,
sono maltrattati,1,X,X,
sono malati,1,X,X,
sono lotta,1,X,X,
sono loschi,1,X,X,
sono lascive,1,X,X,
sono laicità,1,X,X,
sono irrispettosi,1,X,X,
sono irriconoscenti,1,X,X,
sono invidiosi,1,X,X,
sono ingannatori,1,X,X,
sono immigrati,1,X,X,
sono ignobili,1,X,X,
sono giungla,1,X,X,
sono galeotti,1,X,X,
sono forti,1,X,X,
sono forma,1,X,X,
sono fingono,1,X,X,
sono fastidiosi,1,X,X,
sono fascisti,1,X,X,
sono esseri,1,X,X,
sono esigenti,1,X,X,
sono drogati,1,X,X,
sono diversi,1,X,X,
sono dittatoriali,1,X,X,
sono dittatori,1,X,X,
sono disonesti,1,X,X,
sono difesi,1,X,X,
sono determinati,1,X,X,
sono delinquenti sono,1,X,X,
sono definite,1,X,X,
sono criminail,1,X,X,
sono costo,1,X,X,
sono colpa,1,X,X,
sono colore,1,X,X,
sono cattivi,1,X,X,
sono cannibali,1,X,X,
sono barboni,1,X,X,
sono barbari,1,X,X,
sono bambini,1,X,X,
sono assassini è,1,X,X,
sono approfittatrici,1,X,X,
sono analfabeti,1,X,X,
sono accattoni,1,X,X,
son terroristi,1,X,X,
son ladri,1,X,X,
son criminali,1,X,X,
son categoria,1,X,X,
soffocano italiani,1,X,X,
siamo diversi,1,X,X,
sfruttano immigrati,1,X,X,
sfrutta migranti,1,X,X,
segregano donne,1,X,X,
scarica problemi,1,X,X,
rubano soldi,1,X,X,
rubano case,1,X,X,
rubano bambini,1,X,X,
rubano,1,X,X,
rovinano paese,1,X,X,
rovinano economia,1,X,X,
rovinano cultura,1,X,X,
rovinano città,1,X,X,
rovina italia,1,X,X,
rom stupido,1,X,X,
ritengono donne,1,X,X,
rispettano leggi,1,X,X,
risorse a italiani,1,X,X,
richiedono punizioni,1,X,X,
ricevono,1,X,X,
religione a violenza verso,1,X,X,
religione a violenza contro donne a,1,X,X,
religione a stupro a,1,X,X,
religione a stupro,1,X,X,
religione a odio verso,1,X,X,
religione a odio,1,X,X,
rappresentano minaccia,1,X,X,
puzzano,1,X,X,
provocano caos,1,X,X,
protegge terroristi,1,X,X,
protegge crimini,1,X,X,
promuove misoginia,1,X,X,
profughi spinge italiani,1,X,X,
privano italiani,1,X,X,
prevaricano religioni,1,X,X,
pretendono privilegi,1,X,X,
pretendono essere,1,X,X,
pretendono diritti,1,X,X,
prendono italiani,1,X,X,
preferiscono mussulmani,1,X,X,
preferisce mussulmani,1,X,X,
portano criminalità,1,X,X,
pd clandestini,1,X,X,
parte di a,1,X,X,
parlano di immigrati,1,X,X,
pagano immigrati,1,X,X,
odiano donne,1,X,X,
odiano cristiani,1,X,X,
obbliga donne velo,1,X,X,
non vogliono migranti,1,X,X,
non tutelano figli,1,X,X,
non trattati,1,X,X,
non sviluppati,1,X,X,
non subiscono torture,1,X,X,
non stare,1,X,X,
non sostenuti,1,X,X,
non servono,1,X,X,
non scappano,1,X,X,
non sa immigrazione,1,X,X,
non rispettare regole,1,X,X,
non rispettano ospitalità,1,X,X,
non rinunciare,1,X,X,
non ricevono aiuti,1,X,X,
non punisce migranti,1,X,X,
non protestare,1,X,X,
non pensano leggi,1,X,X,
non pagano tasse,1,X,X,
non pagano biglietto,1,X,X,
non pagano,1,X,X,
non ostentare cultura,1,X,X,
non oppor,1,X,X,
non occupano,1,X,X,
non non riguarda,1,X,X,
non non puà,1,X,X,
non meritano compassione,1,X,X,
non integrati,1,X,X,
non hanno pudore,1,X,X,
non hanno morale,1,X,X,
non hanno doveri,1,X,X,
non esistono,1,X,X,
non educano migranti,1,X,X,
non diritti,1,X,X,
non controlla migranti,1,X,X,
non cambieranno,1,X,X,
non benvenuti,1,X,X,
non benaccetti,1,X,X,
non aiutare immigrati,1,X,X,
non adattano,1,X,X,
nascondono qualcosa,1,X,X,
musulmani senza,1,X,X,
musulmani italiani,1,X,X,
musulmani italia,1,X,X,
molestano persone,1,X,X,
molestano donne,1,X,X,
molestano animali,1,X,X,
minimizzano crimini,1,X,X,
minimizza crimini,1,X,X,
minacciano persone,1,X,X,
migranti significa,1,X,X,
migranti di,1,X,X,
meritano carcere,1,X,X,
mentono,1,X,X,
mantiene migranti,1,X,X,
mantengono minoranze,1,X,X,
maltrattano animali,1,X,X,
lucrano su immigrazione,1,X,X,
lucra su rom,1,X,X,
limitano libertà,1,X,X,
limita sovranità,1,X,X,
lavorano in nero,1,X,X,
invadono paese,1,X,X,
invadono città,1,X,X,
invadono,1,X,X,
invadere occidente,1,X,X,
incita a perversioni,1,X,X,
in case di,1,X,X,
imporre islam,1,X,X,
impone su cultura,1,X,X,
impediscono famiglia,1,X,X,
immigrazione,1,X,X,
immigrati a,1,X,X,
hanno storia,1,X,X,
hanno libido,1,X,X,
hanno libertà,1,X,X,
hanno igiene,1,X,X,
hanno fisici,1,X,X,
hanno bisogno,1,X,X,
guadagnano su migranti,1,X,X,
godono di ricchezza,1,X,X,
giustifica mussulmani,1,X,X,
fingono profughi,1,X,X,
finanzia terrorismo,1,X,X,
favoriscono presenza,1,X,X,
favorisce terrorismo,1,X,X,
favorisce rom,1,X,X,
fanno schifo,1,X,X,
fanno paura,1,X,X,
fa differenze,1,X,X,
fa comodo,1,X,X,
evadono fisco,1,X,X,
essere risorse,1,X,X,
esistono in italia,1,X,X,
esiste modo,1,X,X,
esercitano violenza,1,X,X,
esasperano persone,1,X,X,
erano onesti,1,X,X,
è vittima,1,X,X,
è sharja,1,X,X,
è sbagliata,1,X,X,
è religione sono,1,X,X,
è protetto,1,X,X,
è problema,1,X,X,
è piaga,1,X,X,
è paese,1,X,X,
è opposta,1,X,X,
è invasa,1,X,X,
è intollerante,1,X,X,
è incompatibile,1,X,X,
è criminale,1,X,X,
è abominevole,1,X,X,
disprezzano cultura,1,X,X,
discriminano donne,1,X,X,
diffondere religione,1,X,X,
difendono operato crimini,1,X,X,
difendono immigrati,1,X,X,
difende immigrati,1,X,X,
di restano,1,X,X,
devono puniti,1,X,X,
devono difender,1,X,X,
derubano italiani,1,X,X,
delinquono,1,X,X,
dannegiano istruzione,1,X,X,
danneggiano servizi,1,X,X,
danneggiano lavoratori,1,X,X,
da stuprano,1,X,X,
creano problemi,1,X,X,
copre crimini,1,X,X,
convertire europa,1,X,X,
convertendo italiani,1,X,X,
conquistare mondo,1,X,X,
chiedono elemosina,1,X,X,
causano guai,1,X,X,
categoria di,1,X,X,
avvantaggiano neri,1,X,X,
avvantaggiano musulmani,1,X,X,
avvantaggiano migranti,1,X,X,
aumenta violenza,1,X,X,
approfittano di italiani,1,X,X,
appiccano incendi,1,X,X,
andrebbero incarcerati,1,X,X,
amano mussulmani,1,X,X,
amano immigrati,1,X,X,
amano africani,1,X,X,
aiuta migranti,1,X,X,
aiuta italiani,1,X,X,
aiuta immigrazione,1,X,X,
aggrediscono europei,1,X,X,
accontenta terroristi,1,X,X,
accolgono migranti,1,X,X,